{
	"vertices" : [
		[-0.473070, 0.483924, 0.305373],
		[-0.490312, -0.474020, 0.268487],
		[0.375777, 0.482813, 0.264119],
		[0.355507, -0.482693, 0.228591],
		[-0.676615, -0.647569, 0.260622],
		[-0.639756, 0.665018, 0.324925],
		[0.548093, 0.649691, 0.266774],
		[0.508728, -0.671291, 0.202153],
		[-0.494971, -0.473277, 0.264676],
		[-0.472396, 0.483615, 0.306819],
		[0.374029, 0.478753, 0.265215],
		[0.348984, -0.485846, 0.224889],
		[0.163550, 0.175705, 0.712133],
		[0.051762, -0.453291, 0.918433],
		[0.911968, 0.496460, 0.912576],
		[0.897631, -0.460619, 0.877505],
		[-0.399305, 0.381128, -0.959663],
		[-0.684113, 0.692799, -0.606644],
		[-0.422888, -0.290237, -0.986552],
		[-0.724339, -0.618383, -0.674013],
		[0.176461, 0.384697, -0.999227],
		[0.519613, 0.693331, -0.698048],
		[0.140183, -0.300953, -1.026848],
		[0.461002, -0.642266, -0.736129]
	],
	"faces" : [
		[22, 16, 20],
		[1, 12, 0],
		[4, 23, 7],
		[17, 4, 5],
		[7, 21, 6],
		[9, 4, 8],
		[10, 5, 9],
		[8, 7, 11],
		[11, 6, 10],
		[1, 9, 8],
		[2, 9, 0],
		[1, 11, 3],
		[3, 10, 2],
		[12, 15, 14],
		[2, 15, 3],
		[2, 12, 14],
		[3, 13, 1],
		[18, 17, 16],
		[20, 23, 22],
		[17, 20, 16],
		[23, 18, 22],
		[6, 17, 5],
		[22, 18, 16],
		[1, 13, 12],
		[4, 19, 23],
		[17, 19, 4],
		[7, 23, 21],
		[9, 5, 4],
		[10, 6, 5],
		[8, 4, 7],
		[11, 7, 6],
		[1, 0, 9],
		[2, 10, 9],
		[1, 8, 11],
		[3, 11, 10],
		[12, 13, 15],
		[2, 14, 15],
		[2, 0, 12],
		[3, 15, 13],
		[18, 19, 17],
		[20, 21, 23],
		[17, 21, 20],
		[23, 19, 18],
		[6, 21, 17]
	]
}